Task,Runtime_ms,Count,Avg_delay_ms,Max_delay_ms,Max_delay_start,Max_delay_end
ld:(22),5757.439,239,0.098,1.755,61670.723469,61670.725224
cc:(581),2808.639,3138,0.060,3.311,61653.669159,61653.672470
ln:(148),159.522,205,0.038,0.643,61671.220833,61671.221476
