Task,Runtime_ms,Count,Avg_delay_ms,Max_delay_ms,Max_delay_start,Max_delay_end
ln:(148),175.053,304,0.085,2.104,32109.371698,32109.373802
cc:(578),2660.259,2981,0.037,2.801,32095.840668,32095.843470
ld:(22),5711.023,174,0.032,0.414,32109.021467,32109.021881
