Task,Runtime_ms,Count,Avg_delay_ms,Max_delay_ms,Max_delay_start,Max_delay_end
cc:(578),2789.988,2890,0.036,1.998,96309.466478,96309.468476
ld:(22),5849.322,83,0.024,0.123,96326.247467,96326.247590
ln:(148),163.965,155,0.010,0.024,96326.875127,96326.875151
