Task,Runtime_ms,Count,Avg_delay_ms,Max_delay_ms,Max_delay_start,Max_delay_end
ld:(22),6050.428,1883,0.041,2.030,96280.584457,96280.586487
cc:(578),2821.459,3560,0.039,2.045,96264.431427,96264.433472
ln:(148),165.020,233,0.018,0.052,96280.983429,96280.983481
