Task,Runtime_ms,Count,Avg_delay_ms,Max_delay_ms,Max_delay_start,Max_delay_end
ld:(22),5970.781,64,0.061,0.309,96519.221468,96519.221778
cc:(578),2794.788,2883,0.036,3.352,96521.264876,96521.268228
ln:(148),160.796,155,0.013,0.058,96518.338573,96518.338631
