Task,Runtime_ms,Count,Avg_delay_ms,Max_delay_ms,Max_delay_start,Max_delay_end
cc:(578),2951.916,2867,0.118,10.835,96436.314167,96436.325002
ld:(22),5877.710,58,0.070,1.987,96434.645157,96434.647145
ln:(148),165.131,151,0.043,0.336,96433.858898,96433.859234
