Task,Runtime_ms,Count,Avg_delay_ms,Max_delay_ms,Max_delay_start,Max_delay_end
cc:(578),2977.640,2851,0.126,15.063,96538.477184,96538.492247
ln:(148),166.776,149,0.036,0.420,96561.754796,96561.755217
ld:(22),6002.213,65,0.023,0.085,96562.906470,96562.906555
