Task,Runtime_ms,Count,Avg_delay_ms,Max_delay_ms,Max_delay_start,Max_delay_end
ld:(22),6457.520,4342,0.129,5.705,96378.298467,96378.304173
cc:(578),2943.871,4498,0.067,3.993,96368.567481,96368.571474
ln:(148),164.314,242,0.015,0.083,96377.176461,96377.176544
