Task,Runtime_ms,Count,Avg_delay_ms,Max_delay_ms,Max_delay_start,Max_delay_end
cc:(578),2819.303,2849,0.040,8.913,96452.219993,96452.228907
ld:(22),5878.439,79,0.032,0.380,96477.007496,96477.007876
ln:(148),163.932,152,0.010,0.068,96476.119477,96476.119546
