Task,Runtime_ms,Count,Avg_delay_ms,Max_delay_ms,Max_delay_start,Max_delay_end
cc:(578),2712.342,2873,0.030,1.683,96240.810782,96240.812464
ld:(22),5747.120,188,0.026,0.695,96240.843502,96240.844197
ln:(148),165.929,166,0.015,0.141,96237.403337,96237.403477
